{"cameraMode":{"drawMode":0,"name":"Shaded","section":"Shading Mode"},"sceneLighting":false,"audioPlay":false,"sceneViewState":{"m_AlwaysRefresh":false,"showFog":true,"showSkybox":false,"showFlares":true,"showImageEffects":true,"showParticleSystems":true,"showVisualEffectGraphs":true,"m_FxEnabled":true},"in2DMode":false,"pivot":{"x":-5.985820770263672,"y":2.4533238410949709,"z":-0.14206816256046296},"rotation":{"x":0.06991875171661377,"y":0.6924773454666138,"z":-0.06773146241903305,"w":0.7148523330688477},"size":2.0847325325012209,"orthographic":true}