{"cameraMode":{"drawMode":0,"name":"Shaded","section":"Shading Mode"},"sceneLighting":false,"audioPlay":false,"sceneViewState":{"m_AlwaysRefresh":false,"showFog":true,"showSkybox":false,"showFlares":true,"showImageEffects":true,"showParticleSystems":true,"showVisualEffectGraphs":true,"m_FxEnabled":true},"in2DMode":false,"pivot":{"x":-0.0008474588394165039,"y":0.0012843012809753419,"z":0.009186208248138428},"rotation":{"x":0.011261803098022938,"y":-0.6604380011558533,"z":0.009907335974276066,"w":0.7507323026657105},"size":1.4757076501846314,"orthographic":false}