{"cameraMode":{"drawMode":0,"name":"Shaded","section":"Shading Mode"},"sceneLighting":false,"audioPlay":false,"sceneViewState":{"m_AlwaysRefresh":false,"showFog":true,"showSkybox":false,"showFlares":true,"showImageEffects":true,"showParticleSystems":true,"showVisualEffectGraphs":true,"m_FxEnabled":true},"in2DMode":false,"pivot":{"x":0.042994022369384769,"y":0.8415461778640747,"z":0.003750443458557129},"rotation":{"x":0.06991875171661377,"y":0.6924773454666138,"z":-0.06773146241903305,"w":0.7148523330688477},"size":1.8518911600112916,"orthographic":true}