{"cameraMode":{"drawMode":0,"name":"Shaded","section":"Shading Mode"},"sceneLighting":false,"audioPlay":false,"sceneViewState":{"m_AlwaysRefresh":false,"showFog":true,"showSkybox":false,"showFlares":true,"showImageEffects":true,"showParticleSystems":true,"showVisualEffectGraphs":true,"m_FxEnabled":true},"in2DMode":false,"pivot":{"x":0.16923391819000245,"y":0.0832030177116394,"z":0.0015374422073364258},"rotation":{"x":0.3322566747665405,"y":0.4650488495826721,"z":-0.19376644492149354,"w":0.7973542213439941},"size":2.1908023357391359,"orthographic":false}