{"cameraMode":{"drawMode":0,"name":"Shaded","section":"Shading Mode"},"sceneLighting":false,"audioPlay":false,"sceneViewState":{"m_AlwaysRefresh":false,"showFog":true,"showSkybox":false,"showFlares":true,"showImageEffects":true,"showParticleSystems":true,"showVisualEffectGraphs":true,"m_FxEnabled":true},"in2DMode":false,"pivot":{"x":-0.12491082400083542,"y":-0.6580068469047546,"z":-0.20785439014434815},"rotation":{"x":-0.010404218919575215,"y":0.8976794481277466,"z":-0.4402880072593689,"w":-0.021208226680755616},"size":0.7071067690849304,"orthographic":false}