{"cameraMode":{"drawMode":0,"name":"Shaded","section":"Shading Mode"},"sceneLighting":false,"audioPlay":false,"sceneViewState":{"m_AlwaysRefresh":false,"showFog":true,"showSkybox":false,"showFlares":true,"showImageEffects":true,"showParticleSystems":true,"showVisualEffectGraphs":true,"m_FxEnabled":true},"in2DMode":false,"pivot":{"x":-0.3059358596801758,"y":-0.6329196691513062,"z":0.8086862564086914},"rotation":{"x":0.4634667932987213,"y":0.10996530205011368,"z":-0.058204106986522678,"w":0.877381443977356},"size":1.0606601238250733,"orthographic":false}