{"cameraMode":{"drawMode":0,"name":"Shaded","section":"Shading Mode"},"sceneLighting":false,"audioPlay":false,"sceneViewState":{"m_AlwaysRefresh":false,"showFog":true,"showSkybox":false,"showFlares":true,"showImageEffects":true,"showParticleSystems":true,"showVisualEffectGraphs":true,"m_FxEnabled":true},"in2DMode":false,"pivot":{"x":-0.0811612531542778,"y":0.3277907371520996,"z":0.046871185302734378},"rotation":{"x":0.07082542777061463,"y":0.8585872650146484,"z":-0.12344963848590851,"w":0.49250394105911257},"size":0.8660253882408142,"orthographic":false}