{"cameraMode":{"drawMode":0,"name":"Shaded","section":"Shading Mode"},"sceneLighting":false,"audioPlay":false,"sceneViewState":{"m_AlwaysRefresh":false,"showFog":true,"showSkybox":false,"showFlares":true,"showImageEffects":true,"showParticleSystems":true,"showVisualEffectGraphs":true,"m_FxEnabled":true},"in2DMode":false,"pivot":{"x":1.6127824783325196,"y":2.2673745155334474,"z":0.1232718974351883},"rotation":{"x":-0.09971974790096283,"y":0.6805968880653381,"z":0.0943121686577797,"w":0.7196760177612305},"size":3.0743908882141115,"orthographic":false}