{"cameraMode":{"drawMode":0,"name":"Shaded","section":"Shading Mode"},"sceneLighting":false,"audioPlay":false,"sceneViewState":{"m_AlwaysRefresh":false,"showFog":true,"showSkybox":false,"showFlares":true,"showImageEffects":true,"showParticleSystems":true,"showVisualEffectGraphs":true,"m_FxEnabled":true},"in2DMode":false,"pivot":{"x":0.015159765258431435,"y":-0.0931081771850586,"z":0.1488366425037384},"rotation":{"x":0.4861636459827423,"y":0.04847707599401474,"z":-0.026805510744452478,"w":0.8722015023231506},"size":0.7071067690849304,"orthographic":false}