{"cameraMode":{"drawMode":0,"name":"Shaded","section":"Shading Mode"},"sceneLighting":false,"audioPlay":false,"sceneViewState":{"m_AlwaysRefresh":false,"showFog":true,"showSkybox":false,"showFlares":true,"showImageEffects":true,"showParticleSystems":true,"showVisualEffectGraphs":true,"m_FxEnabled":true},"in2DMode":false,"pivot":{"x":-0.02314443327486515,"y":2.8791565895080568,"z":-5.740288734436035},"rotation":{"x":0.2626875936985016,"y":-0.001445835456252098,"z":0.0004069608694408089,"w":0.9648675918579102},"size":0.0021173201967030765,"orthographic":false}