{"cameraMode":{"drawMode":0,"name":"Shaded","section":"Shading Mode"},"sceneLighting":false,"audioPlay":false,"sceneViewState":{"m_AlwaysRefresh":false,"showFog":true,"showSkybox":false,"showFlares":true,"showImageEffects":true,"showParticleSystems":true,"showVisualEffectGraphs":true,"m_FxEnabled":true},"in2DMode":false,"pivot":{"x":-0.020329713821411134,"y":-2.5423426628112795,"z":0.16963517665863038},"rotation":{"x":0.13738283514976502,"y":0.37186282873153689,"z":-0.05574026703834534,"w":0.9163622856140137},"size":6.871811866760254,"orthographic":false}