{"cameraMode":{"drawMode":0,"name":"Shaded","section":"Shading Mode"},"sceneLighting":false,"audioPlay":false,"sceneViewState":{"m_AlwaysRefresh":false,"showFog":true,"showSkybox":false,"showFlares":true,"showImageEffects":true,"showParticleSystems":true,"showVisualEffectGraphs":true,"m_FxEnabled":true},"in2DMode":false,"pivot":{"x":-2.3830983638763429,"y":1.5172690153121949,"z":-0.538133442401886},"rotation":{"x":0.22990044951438905,"y":0.5365602374076843,"z":-0.15475031733512879,"w":0.7970472574234009},"size":0.8660253882408142,"orthographic":false}