{"cameraMode":{"drawMode":0,"name":"Shaded","section":"Shading Mode"},"sceneLighting":false,"audioPlay":false,"sceneViewState":{"m_AlwaysRefresh":false,"showFog":true,"showSkybox":false,"showFlares":true,"showImageEffects":true,"showParticleSystems":true,"showVisualEffectGraphs":true,"m_FxEnabled":true},"in2DMode":false,"pivot":{"x":0.008430242538452149,"y":-0.06274652481079102,"z":-0.050418972969055179},"rotation":{"x":0.13738283514976502,"y":0.37186282873153689,"z":-0.05574026703834534,"w":0.9163622856140137},"size":5.851816654205322,"orthographic":false}