{"cameraMode":{"drawMode":0,"name":"Shaded","section":"Shading Mode"},"sceneLighting":false,"audioPlay":false,"sceneViewState":{"m_AlwaysRefresh":false,"showFog":true,"showSkybox":false,"showFlares":true,"showImageEffects":true,"showParticleSystems":true,"showVisualEffectGraphs":true,"m_FxEnabled":true},"in2DMode":false,"pivot":{"x":-0.0031468048691749574,"y":-0.19937247037887574,"z":-0.0017305314540863038},"rotation":{"x":0.34796392917633059,"y":-0.029480325058102609,"z":0.011249222792685032,"w":0.9372527599334717},"size":0.2743418216705322,"orthographic":false}