{"cameraMode":{"drawMode":0,"name":"Shaded","section":"Shading Mode"},"sceneLighting":false,"audioPlay":false,"sceneViewState":{"m_AlwaysRefresh":false,"showFog":true,"showSkybox":false,"showFlares":true,"showImageEffects":true,"showParticleSystems":true,"showVisualEffectGraphs":true,"m_FxEnabled":true},"in2DMode":false,"pivot":{"x":0.0010037422180175782,"y":-0.0003426671028137207,"z":-0.0017510056495666504},"rotation":{"x":-0.1072218045592308,"y":-0.667393147945404,"z":0.0976468026638031,"w":-0.730812132358551},"size":1.2297559976577759,"orthographic":false}