{"cameraMode":{"drawMode":0,"name":"Shaded","section":"Shading Mode"},"sceneLighting":false,"audioPlay":false,"sceneViewState":{"m_AlwaysRefresh":false,"showFog":true,"showSkybox":false,"showFlares":true,"showImageEffects":true,"showParticleSystems":true,"showVisualEffectGraphs":true,"m_FxEnabled":true},"in2DMode":false,"pivot":{"x":-0.013301312923431397,"y":0.1949007511138916,"z":-0.08381187915802002},"rotation":{"x":0.13607612252235413,"y":-0.0014862113166600466,"z":0.00020408087584655732,"w":0.9906970262527466},"size":2.8242831230163576,"orthographic":false}