{"cameraMode":{"drawMode":0,"name":"Shaded","section":"Shading Mode"},"sceneLighting":false,"audioPlay":false,"sceneViewState":{"m_AlwaysRefresh":false,"showFog":true,"showSkybox":false,"showFlares":true,"showImageEffects":true,"showParticleSystems":true,"showVisualEffectGraphs":true,"m_FxEnabled":true},"in2DMode":false,"pivot":{"x":5.950699329376221,"y":0.5554701089859009,"z":-0.436918705701828},"rotation":{"x":0.10717024654150009,"y":-0.021203476935625078,"z":0.002278024097904563,"w":0.9940372705459595},"size":5.364283084869385,"orthographic":false}