{"cameraMode":{"drawMode":0,"name":"Shaded","section":"Shading Mode"},"sceneLighting":false,"audioPlay":false,"sceneViewState":{"m_AlwaysRefresh":false,"showFog":true,"showSkybox":false,"showFlares":true,"showImageEffects":true,"showParticleSystems":true,"showVisualEffectGraphs":true,"m_FxEnabled":true},"in2DMode":false,"pivot":{"x":-0.26671871542930605,"y":0.01900780200958252,"z":0.01512765884399414},"rotation":{"x":0.4985818564891815,"y":-0.014326645992696286,"z":0.008350546471774578,"w":0.8667808175086975},"size":0.7071067690849304,"orthographic":false}