{"cameraMode":{"drawMode":0,"name":"Shaded","section":"Shading Mode"},"sceneLighting":false,"audioPlay":false,"sceneViewState":{"m_AlwaysRefresh":false,"showFog":true,"showSkybox":false,"showFlares":true,"showImageEffects":true,"showParticleSystems":true,"showVisualEffectGraphs":true,"m_FxEnabled":true},"in2DMode":false,"pivot":{"x":0.12465763092041016,"y":7.48336935043335,"z":-0.0721735954284668},"rotation":{"x":0.23656603693962098,"y":-0.5798659920692444,"z":0.18091827630996705,"w":0.7583510875701904},"size":10.700882911682129,"orthographic":false}