{"cameraMode":{"drawMode":0,"name":"Shaded","section":"Shading Mode"},"sceneLighting":false,"audioPlay":false,"sceneViewState":{"m_AlwaysRefresh":false,"showFog":true,"showSkybox":false,"showFlares":true,"showImageEffects":true,"showParticleSystems":true,"showVisualEffectGraphs":true,"m_FxEnabled":true},"in2DMode":false,"pivot":{"x":0.1376192569732666,"y":7.261924743652344,"z":-0.11173629760742188},"rotation":{"x":0.23656603693962098,"y":-0.5798659920692444,"z":0.18091827630996705,"w":0.7583510875701904},"size":12.25491714477539,"orthographic":false}