{"cameraMode":{"drawMode":0,"name":"Shaded","section":"Shading Mode"},"sceneLighting":false,"audioPlay":false,"sceneViewState":{"m_AlwaysRefresh":false,"showFog":true,"showSkybox":false,"showFlares":true,"showImageEffects":true,"showParticleSystems":true,"showVisualEffectGraphs":true,"m_FxEnabled":true},"in2DMode":false,"pivot":{"x":-1.1629952192306519,"y":0.3332982063293457,"z":1.2280101776123047},"rotation":{"x":0.25901857018470766,"y":0.5655641555786133,"z":-0.19241543114185334,"w":0.7591633796691895},"size":0.7071067690849304,"orthographic":false}