{"cameraMode":{"drawMode":0,"name":"Shaded","section":"Shading Mode"},"sceneLighting":false,"audioPlay":false,"sceneViewState":{"m_AlwaysRefresh":false,"showFog":true,"showSkybox":false,"showFlares":true,"showImageEffects":true,"showParticleSystems":true,"showVisualEffectGraphs":true,"m_FxEnabled":true},"in2DMode":false,"pivot":{"x":-3.3956146240234377,"y":2.1143083572387697,"z":-2.0268208980560304},"rotation":{"x":0.06006922200322151,"y":0.23288114368915559,"z":-0.014395492151379586,"w":0.9705323576927185},"size":0.000017320508050033823,"orthographic":false}