{"cameraMode":{"drawMode":0,"name":"Shaded","section":"Shading Mode"},"sceneLighting":false,"audioPlay":false,"sceneViewState":{"m_AlwaysRefresh":false,"showFog":true,"showSkybox":false,"showFlares":true,"showImageEffects":true,"showParticleSystems":true,"showVisualEffectGraphs":true,"m_FxEnabled":true},"in2DMode":false,"pivot":{"x":-0.019262714311480523,"y":-0.2973185181617737,"z":0.7723648548126221},"rotation":{"x":0.2698039412498474,"y":-0.23539011180400849,"z":0.0682617798447609,"w":0.9313234686851502},"size":0.7071067690849304,"orthographic":false}