{"cameraMode":{"drawMode":0,"name":"Shaded","section":"Shading Mode"},"sceneLighting":false,"audioPlay":false,"sceneViewState":{"m_AlwaysRefresh":false,"showFog":true,"showSkybox":false,"showFlares":true,"showImageEffects":true,"showParticleSystems":true,"showVisualEffectGraphs":true,"m_FxEnabled":true},"in2DMode":false,"pivot":{"x":-0.12057195603847504,"y":-0.4771183729171753,"z":0.08086380362510681},"rotation":{"x":-0.6008560061454773,"y":-0.029471565037965776,"z":0.02207396738231182,"w":-0.7986448407173157},"size":0.762843668460846,"orthographic":false}