{"cameraMode":{"drawMode":0,"name":"Shaded","section":"Shading Mode"},"sceneLighting":false,"audioPlay":false,"sceneViewState":{"m_AlwaysRefresh":false,"showFog":true,"showSkybox":false,"showFlares":true,"showImageEffects":true,"showParticleSystems":true,"showVisualEffectGraphs":true,"m_FxEnabled":true},"in2DMode":false,"pivot":{"x":0.009958053007721901,"y":0.10044264793395996,"z":0.11653578281402588},"rotation":{"x":-0.34387263655662539,"y":0.0006076766876503825,"z":-0.0003008620988111943,"w":-0.9391368627548218},"size":0.7071067690849304,"orthographic":false}