{"cameraMode":{"drawMode":0,"name":"Shaded","section":"Shading Mode"},"sceneLighting":false,"audioPlay":false,"sceneViewState":{"m_AlwaysRefresh":false,"showFog":true,"showSkybox":false,"showFlares":true,"showImageEffects":true,"showParticleSystems":true,"showVisualEffectGraphs":true,"m_FxEnabled":true},"in2DMode":false,"pivot":{"x":0.4483841061592102,"y":1.368500828742981,"z":1.7136845588684083},"rotation":{"x":0.034007493406534198,"y":0.8628886938095093,"z":-0.5008382201194763,"w":0.05858985707163811},"size":0.5986464023590088,"orthographic":false}