{"cameraMode":{"drawMode":0,"name":"Shaded","section":"Shading Mode"},"sceneLighting":false,"audioPlay":false,"sceneViewState":{"m_AlwaysRefresh":false,"showFog":true,"showSkybox":false,"showFlares":true,"showImageEffects":true,"showParticleSystems":true,"showVisualEffectGraphs":true,"m_FxEnabled":true},"in2DMode":false,"pivot":{"x":-0.5526924133300781,"y":-1.2381083965301514,"z":3.507627010345459},"rotation":{"x":0.12566596269607545,"y":-0.0014889604644849897,"z":0.00018737558275461197,"w":0.9920666217803955},"size":2.852069616317749,"orthographic":false}