{"cameraMode":{"drawMode":0,"name":"Shaded","section":"Shading Mode"},"sceneLighting":false,"audioPlay":false,"sceneViewState":{"m_AlwaysRefresh":false,"showFog":true,"showSkybox":false,"showFlares":true,"showImageEffects":true,"showParticleSystems":true,"showVisualEffectGraphs":true,"m_FxEnabled":true},"in2DMode":false,"pivot":{"x":-0.012243807315826416,"y":0.0667879730463028,"z":-0.013135313987731934},"rotation":{"x":0.18872956931591035,"y":0.7754202485084534,"z":-0.2721026837825775,"w":0.5377786159515381},"size":0.9359949827194214,"orthographic":false}