{"cameraMode":{"drawMode":0,"name":"Shaded","section":"Shading Mode"},"sceneLighting":false,"audioPlay":false,"sceneViewState":{"m_AlwaysRefresh":false,"showFog":true,"showSkybox":false,"showFlares":true,"showImageEffects":true,"showParticleSystems":true,"showVisualEffectGraphs":true,"m_FxEnabled":true},"in2DMode":false,"pivot":{"x":-0.00480276346206665,"y":0.002232372760772705,"z":0.0010148882865905762},"rotation":{"x":0.011261803098022938,"y":-0.6604380011558533,"z":0.009907335974276066,"w":0.7507323026657105},"size":1.4757076501846314,"orthographic":false}