{"cameraMode":{"drawMode":0,"name":"Shaded","section":"Shading Mode"},"sceneLighting":false,"audioPlay":false,"sceneViewState":{"m_AlwaysRefresh":false,"showFog":true,"showSkybox":false,"showFlares":true,"showImageEffects":true,"showParticleSystems":true,"showVisualEffectGraphs":true,"m_FxEnabled":true},"in2DMode":false,"pivot":{"x":131.82383728027345,"y":11.513147354125977,"z":109.03941345214844},"rotation":{"x":0.14376160502433778,"y":-0.5548064112663269,"z":0.0980372205376625,"w":0.8135762214660645},"size":15.042153358459473,"orthographic":false}