{"cameraMode":{"drawMode":0,"name":"Shaded","section":"Shading Mode"},"sceneLighting":false,"audioPlay":false,"sceneViewState":{"m_AlwaysRefresh":false,"showFog":true,"showSkybox":false,"showFlares":true,"showImageEffects":true,"showParticleSystems":true,"showVisualEffectGraphs":true,"m_FxEnabled":true},"in2DMode":false,"pivot":{"x":-0.297887921333313,"y":0.7621324062347412,"z":-2.3116464614868166},"rotation":{"x":0.1620684266090393,"y":-0.09162790328264237,"z":0.015114681795239449,"w":0.982396125793457},"size":0.4888678789138794,"orthographic":false}