{"cameraMode":{"drawMode":0,"name":"Shaded","section":"Shading Mode"},"sceneLighting":false,"audioPlay":false,"sceneViewState":{"m_AlwaysRefresh":false,"showFog":true,"showSkybox":false,"showFlares":true,"showImageEffects":true,"showParticleSystems":true,"showVisualEffectGraphs":true,"m_FxEnabled":true},"in2DMode":false,"pivot":{"x":-0.01528012752532959,"y":0.1765526533126831,"z":0.011519670486450196},"rotation":{"x":0.13607612252235413,"y":-0.0014862113166600466,"z":0.00020408087584655732,"w":0.9906970262527466},"size":2.865894079208374,"orthographic":false}