{"cameraMode":{"drawMode":0,"name":"Shaded","section":"Shading Mode"},"sceneLighting":false,"audioPlay":false,"sceneViewState":{"m_AlwaysRefresh":false,"showFog":true,"showSkybox":false,"showFlares":true,"showImageEffects":true,"showParticleSystems":true,"showVisualEffectGraphs":true,"m_FxEnabled":true},"in2DMode":false,"pivot":{"x":-0.2264743447303772,"y":0.09495747089385987,"z":0.26464271545410159},"rotation":{"x":0.3322566747665405,"y":0.4650488495826721,"z":-0.19376644492149354,"w":0.7973542213439941},"size":3.0662424564361574,"orthographic":false}